{"highest_errors": [390, 398, 397, 395, 388, 396, 391, 389, 170, 171, 168, 169, 393, 59, 173, 58, 175, 172, 57, 387], "recall": 0.07885304659498207, "f_score": 0.138801261829653, "ave_accuracy": 0.4887640449438202, "precision": 0.07885304659498207}