{"ave_accuracy": 0.44959128065395093, "precision": 0.105, "highest_errors": [183, 128, 120, 121, 122, 123, 124, 125, 126, 127, 129, 118, 130, 131, 132, 133, 134, 135, 136, 137], "recall": 0.105, "f_score": 0.17213114754098363}